INEP;ESCOLAS;ENDEREÇO;GESTOR(A);ZONA;LATITUDE;LONGTUDE
15181278;EMEF GUAJARÁ DE BEJA;RAMAL BAIA;; ESTRADAS;-165.917;-48.832.820
15067173;EMEF PROFª Mª DO CARMO A. SANTOS;R. MAGALHAES BARATA - V. BEJA;; ESTRADAS;-16.238.729;-48.809.281
15066029;EMEF SÃO BENEDITO;RAMAL CURUPERÉ- GRANDE;; ESTRADAS;-18.432.106;-48.880.981
15066606;EMEFI RAIMUNDO N. CARVALHO;ESTRADA DE BEJA APEÍ KM-4;; ESTRADAS;-17.122.222;-48.821.388
15067220;EMEI ROSA MAUÉS CARVALHO;RUA FRANCISCO MONTEIRO 835;; ESTRADAS;-1.624.783;-48.806.187
15067211;EMEIF ANTONIA EULALICE P. DE MIRANDA;EST. NOVA DE BEJA-KM-09;; ESTRADAS;-16.992.183;-48.796.621
15065618;EMEIF BENEDITO SENA DOS PASSOS;PA 252- ABAETÉ-MOJU;; ESTRADAS;-18.142.728;-48.767.761
15181952;EMEIF CAETANO GOMES MATIAS;COLÔNIA VELHA;; ESTRADAS;-1.795.871;-48.752.197
15065758;EMEIF CRISTO REDENTOR;RML. DE BEJA-KM 6;; ESTRADAS;-16.948.965;-48.756.948
15064840;EMEIF CRISTO SALVADOR;RML DE BEJA-KM -8;; ESTRADAS;-16.770.316;-48.755.270
15065421;EMEIF DEOCLECIANA P. ARAÚJO;RML. DO PIROCABA;; ESTRADAS;-16.916.944;-48.872.527
15064832;EMEIF DO CUJARI;RAMAL DO CUJARI;; ESTRADAS;-16.185.335;-48.770.413
15067165;EMEIF DOM JOÃO GAZZA;ES DE BEJA-KM13;; ESTRADAS;-16.774.391;-48.788.113
15064875;EMEIF DR. JOÃO MIRANDA;RD. DR. JOÃO MIRANDA KM-12;; ESTRADAS;-17.744.067;-48.790.006
15065790;EMEIF FREI CARMELO;RAMAL CATAIANDEUA;; ESTRADAS;-17.868.267;-48.847.025
15065251;EMEIF JOANA DA CONC. C. DE LIMA;PA 151-KM20 RML BRASÍLIA;; ESTRADAS;-19.190.696;-48.903.122
15166953;EMEIF JOÃO CARDOSO;RAMAL CAMURITUBA-CENTRO;; ESTRADAS;-17.465.984;-48.678.978
15065316;EMEIF MÁXIMIANO ANTONIO RODRIGUES;RAMAL DO MURUTINGA;; ESTRADAS;-18.160.333;-48.807.364
15065472;EMEIF N. SRA DAS GRAÇAS;RML. MOJÚ M. ALTO;; ESTRADAS;-17.914.107;-48.877.200
15066401;EMEIF Nª SENHORA DAS GRAÇAS;PA-151KM-12 POROROCA;; ESTRADAS;-18.629.357;-48.865.547
15064662;EMEIF Nª SENHORA DAS GRAÇAS;ROD. PA-151KM-15;; ESTRADAS;-18.810.464;-48.880.488
15066428;EMEIF NOSSA SENHORA AUXILIADORA;RAMAL DO ITACUPÉ;; ESTRADAS;-16.383.546;-48.754.251
15066479;EMEIF NOSSA SENHORA DAS GRAÇAS;ARIENGA CENTRO;; ESTRADAS;-16.604.193;-48.712.773
15065863;EMEIF NOSSA SENHORA DE NAZARÉ;RAMAL CURUPERÉ-GRANDE;; ESTRADAS;-1.824.502;-48.876.227
15524094;EMEIF NOSSA SRA. DA CONCEIÇÃO;ARAPIRANGA DE BEJA;; ESTRADAS;-16.471.991;-48.772.119
15065952;EMEIF NSA. DO PERP. SOCORRO;RAMAL DO PIRATUBA;; ESTRADAS;-18.264.886;-48.782.893
15066452;EMEIF NSRA. DO BOM REMÉDIO;RAMAL CAMOTIM;; ESTRADAS;-18.216.632;-48.835.911
15162516;EMEIF OTONIEL TAVARES DE SOUZA;RAMAL PAU DA ÍSCA;; ESTRADAS;-1.782.039;-48.717.089
15066541;EMEIF Pª CARMEM CARDOSO FERREIRA;ROD. MOURA CARVALHO;; ESTRADAS;-17.119.256;-48.690.248
15067203;EMEIF PE HILÁRIO;ESTR. NOVA DE BEJA PA483;; ESTRADAS;-16.209.608;-48.740.531
15065308;EMEIF PROFº MANOEL PEDRO FERREIRA;RAMAL ITACURUÇÁ;; ESTRADAS;-18.507.739;-48.929.211
15066010;EMEIF SAGRADA FAMÍLIA;RML TAUERÁ DE BEJA;; ESTRADAS;-16.743.374;-48.843.306
15066002;EMEIF SAGRADO CORAÇÃO DE JESUS;RML DO MARANHÃO;; ESTRADAS;-16.672.321;-48.820.018
15066827;EMEIF SANTA MARIA;RD. DR JOÃO MIRANDA KM 10;; ESTRADAS;-17.585.178;-48.812.437
15066843;EMEIF SANTO ANTONIO;RAMAL DO CASTANHAL 2;; ESTRADAS;-17.522.000;-48.865.800
15066037;EMEIF SÃO BENEDITO;RAMAL DO BACURI;; ESTRADAS;-18.097.222;-48.848.055
15162575;EMEIF SÃO JOÃO BATISTA;MARINGÁ;; ESTRADAS;-17.197.352;-48.654.950
15162567;EMEIF SÃO JORGE;CAMURITUBA - BEIRA;; ESTRADAS;-1.756.435;-48.691.351
15066061;EMEIF SÃO JOSÉ;ROD. PA 151 KM0;; ESTRADAS;-1.829.738;-48.827.605
15064492;EMEIF SÃO JOSÉ V;RM DO PALHAL;; ESTRADAS;-17.698.867;-48.847.975
15164381;EMEIF SÃO MIGUEL;RML ITACURUÇÁ-VL . PROCÓPIO;; ESTRADAS;-19.050.129;-48.925.952
15160165;EMEIF VALDECIR SANTANA;VILA CAETE;; ESTRADAS;-17.098.097;-48.612.800
15129004;EMEIF. BOA ESPERANÇA;VILA BOA ESPERANÇA - VASCO;; ESTRADAS;-17.703.271;-48.771.685
15066339;EMEIF. HONORINA. M. S. FERREIRA;RML. CURUPERÉ- MIRÍ;; ESTRADAS;-18.564.089;-48.835.899
15066584;EMEIF. Mª DA CONC. CARDOSO FEIO;RD. MOURA CARVALHO PA 151;; ESTRADAS;-17.485.745;-48.743.929
15064964;EMEIF. N. SRA. DO CARMO;RD. MOURA CARVALHO- KM -07;; ESTRADAS;-17.459.719;-48.740.881
15064727;EMEIF. SÃO BENEDITO;VILA DA CACHAÇA;; ESTRADAS;-17.937.674;-48.826.265
15065189;EMEIF. SÃO MIGUEL II;RAMAL ABAETEZINHO;; ESTRADAS;-17.657.476;-48.836.353
15066355;EMEF JOÃO XXIII;RIO URUÁ  -COSTA;; ILHAS;-18.177.000;-48.998.700
15065693;EMEF. 04 DE MARÇO;RIO GENIPAUBA;; ILHAS;-176.464;-48.896.586
15519821;EMEF. BOM PASTOR;RIO SAPUCAJUBA;; ILHAS;-16.485.291;-48.992.454
15532291;EMEF. CRISTO REI;RIO SARAPUQUARA;; ILHAS;-1.717.696;-48.962.451
15065413;EMEF. DA COSTA MARATAUIRA;COSTA MARATAUIRA;; ILHAS;-17.681.682;-48.999.883
15066436;EMEF. Nª SRA DAS GRAÇAS;RIO TAUERAZINHO;; ILHAS;-16.761.751;-48.859.720
15064441;EMEF. Nª SRA DO CARMO;RIO MARINQUARA;; ILHAS;-16.598.471;-49.001.515
15554201;EMEF. NESTOR DEITOS;R. TUCUMANDUBAZINHO;; ILHAS;-18.157.995;-49.050.503
15066533;EMEF. POVO DE DEUS;COSTA MARATAUIRA;; ILHAS;-18.018.382;-48.985.063
15065995;EMEF. SÃO JOÃO BATISTA;RIO GUAJARAZINHO;; ILHAS;-17.269.964;-48.948.787
15066630;EMEF. SÃO LUCAS;RIO ASSACU- COSTA;; ILHAS;-15.922.428;-48.944.545
15065367;EMEIF 08 DE DEZEMBRO;RIO ACARAJÓ;; ILHAS;-18.622.535;-48.974.104
15066568;EMEIF FELIPE SANTIAGO CAMPELO;RIO PIQUIARANA;; ILHAS;-1.838.181;-48.970.578
15066444;EMEIF N. SRA DE NAZARÉ;RIO ITACURUÇÁ -ALTO;; ILHAS;-18.814.903;-48.927.455
15541630;EMEIF NSRA PERPETUO SOCORRO;RIO ARAPAPÚ;; ILHAS;-18.036.542;-48.951.214
15065499;EMEIF PE. VICENTE MITTIDIERE;IGARAPÉ BATISTA;; ILHAS;-17.089.143;-48.871.172
15532321;EMEIF RAIMUNDO BANDEIRA;RIO ITACURUÇA;; ILHAS;-18.452.682;-48.940.018
15065219;EMEIF SANTO ANDRÉ;RIO ITACURUÇÁ;; ILHAS;-18.356.179;-48.946.903
15066169;EMEIF SANTO ANTONIO;FURO LIMÃO;; ILHAS;-18.179.809;-48.971.266
15065561;EMEIF SANTO ANTONIO;RIO IPANEMA;; ILHAS;-18.436.098;-48.952.081
15064476;EMEIF SÃO JOÃO BOSCO;RIO ARAPAPUZINHO;; ILHAS;-18.269.401;-48.935.510
15065669;EMEIF. 15 DE AGOSTO;RIO ABAETÉ;; ILHAS;-17.570.022;-48.878.952
15065723;EMEIF. BOM JESUS;RIO MARACAPUCU- MIRI;; ILHAS;-1.761.525;-48.958.431
15066282;EMEIF. D. ÂNGELO FROSI;RIO TUCUMANDUBA;; ILHAS;-17.341.847;-49.029.008
15065090;EMEIF. DIONÍSIO HAGE;RIO QUIANDUBA;; ILHAS;-17.678.207;-48.999.856
15065642;EMEIF. DO PALMAR;MARACAPUCU- PALMAR;; ILHAS;-16.984.419;-49.011.636
15540880;EMEIF. DO RIO URUCURI;RIO URUCURI;; ILHAS;-1.669.127;-48.999.478
15066290;EMEIF. DONDON PINHEIRO;RIO PARURÚ;; ILHAS;-17.648.791;-49.075.739
15067041;EMEIF. EMEIF. PADRE PIO;ILHA DO CAPIM;; ILHAS;-15.767.768;-48.880.253
15065278;EMEIF. EMILIANA MA. DA COSTA;FURO GENTIL;; ILHAS;-17.903.492;-49.048.787
15065804;EMEIF. FREI PAULINO;RIO PANACUERA;; ILHAS;-17.948.504;-49.081.050
15155331;EMEIF. JOÃO MARIA;RIO DOCE;; ILHAS;-16.255.483;-48.987.607
15067041;EMEIF. Nª SRA DA CONCEIÇÃO;RIO XINGU;; ILHAS;-16.225.220;-48.919.350
15065898;EMEIF. Nª SRA DA CONCEIÇÃO;RIO PANACUERA;; ILHAS;-17.946.786;-49.065.470
15064930;EMEIF. Nª SRA DA GUIA;RIO FURO GRANDE;; ILHAS;-17.853.859;-48.995.994
15065901;EMEIF. Nª SRA DA LUZ;RIO URUBUÉUA;; ILHAS;-16.729.815;-48.967.127
15541657;EMEIF. Nª SRA DA PAZ;RIO ARUMANDUBA;; ILHAS;-16.952.884;-48.956.756
15540871;EMEIF. Nª SRA DE GUADALUPE;R TUCUMANDUBA;; ILHAS;-17.584.263;-49.031.329
15065928;EMEIF. Nª SRA DE NAZARÉ;COSTA MARATAUÍRA;; ILHAS;-17.877.415;-48.965.143
15065936;EMEIF. Nª SRA DE NAZARÉ;RIO AJUAIZINHO;; ILHAS;-17.809.952;-49.041.518
15065480;EMEIF. Nª SRA DO PER. SOCORRO;RIO ACARAQUI;; ILHAS;-17.659.253;-48.905.932
15519830;EMEIF. Nª SRA DO PER. SOCORRO;RIO TABATINGA;; ILHAS;-17.171.665;-48.897.923
15066487;EMEIF. Nª SRA DO PER. SOCORRO;RIO ANEQUARA;; ILHAS;-16.784.765;-49.004.404
15067084;EMEIF. Nª SRA DO PER. SOCORRO;RIO QUIANDUBA;; ILHAS;-17.627.918;-48.997.113
15064549;EMEIF. Nª SRA DO PERP SOCORRO;RIO MAUBÁ;; ILHAS;-1.791.888;-49.110.898
15065871;EMEIF. Nª SRA FÁTIMA;RIO URUBUÉUA;; ILHAS;-16.228.155;-48.958.946
15064999;EMEIF. PADRE MÁRIO LANCIOTTI;RIO MARACAPUCU;; ILHAS;-17.288.633;-48.989.060
15066185;EMEIF. PE. ANCHIETA;RIO AJUAÍ;; ILHAS;-17.547.353;-49.058.811
15066258;EMEIF. PE. JOSÉ BORGHESI;RIO SIRITUBA – COSTA;; ILHAS;-17.089.143;-48.926.815
15066614;EMEIF. RAIMUNDO PAUXIS;RIO PANACUERA;; ILHAS;-18.119.774;-49.092.751
15066622;EMEIF. RAIMUNDO S. DA ROCHA;RIO GUAJARÁ DE BEJA;; ILHAS;-16.537.971;-48.836.412
15064700;EMEIF. SAGRADO CORAÇÃO DE JESUS;RIO MARACAPUCU-MIRI;; ILHAS;-17.519.732;-48.950.254
15066657;EMEIF. SANTA ANA;RIO TAUERÁ AÇU;; ILHAS;-17.906.171;-48.933.320
15065537;EMEIF. SANTA ANA;RIO CURUPUACÁ;; ILHAS;-15.879.656;-48.918.552
15066215;EMEIF. SANTA ÂNGELA;RIO ACARAQUI;; ILHAS;-17.882.188;-48.887.006
15066240;EMEIF. SANTA MARIA;RIO SIRITUBA;; ILHAS;-17.151.056;-48.911.284
15066690;EMEIF. SANTA MARIA;RIO PRAINHA;; ILHAS;-16.329.468;-48.998.208
15532267;EMEIF. SANTA TEREZINHA;RIO FURO GRANDE;; ILHAS;-17.775.665;-49.020.952
15064778;EMEIF. SANTO AFONSO;RIO XINGU;; ILHAS;-16.278.021;-48.908.894
15066150;EMEIF. SANTO ANTONIO;RIO JARUMÃ;; ILHAS;-17.055.467;-48.883.614
15524078;EMEIF. SANTO ANTONIO;RIO MOJU- MIRI;; ILHAS;-17.711.018;-48.869.587
15066509;EMEIF. SANTO ANTONIO;RIO BACURI;; ILHAS;-17.938.007;-49.019.609
15065588;EMEIF. SANTO ANTÔNIO;RIO URUBUÉUA;; ILHAS;-16.374.674;-48.972.364
15066045;EMEIF. SÃO BENEDITO;RIO AJUAÍZINHO;; ILHAS;-17.468.477;-49.072.983
15066193;EMEIF. SÃO CAMILO DE LELLIS;RIO ASSACU;; ILHAS;-16.020.717;-48.953.485
15066207;EMEIF. SÃO FRANCISCO DE ASSIS;RIO DA PRATA;; ILHAS;-16.131.137;-48.983.423
15066851;EMEIF. SÃO JOÃO BATISTA;RIO CAMPOMPEMA;; ILHAS;-17.382.677;-48.914.682
15066720;EMEIF. SÃO JOÃO BOSCO;RIO MAUBA;; ILHAS;-17.631.811;-49.098.074
15067190;EMEIF. SÃO JOSÉ;IG. SÃO JOSÉ – XINGU;; ILHAS;-16.136.109;-48.893.573
15145433;EMEIF. SÃO JOSÉ;RIO CUITININGA;; ILHAS;-17.776.519;-49.028.530
15532305;EMEIF. SÃO PEDRO;RIO PARAMAJÓ;; ILHAS;-16.742.833;-48.943.778
15066789;EMEIF. SÃO RAIMUNDO;RIO SAPUCAJUBA;; ILHAS;-16.509.737;-49.004.709
15066096;EMEIF. SÃO RAIMUNDO;RIO PARURU;; ILHAS;-17.523.899;-49.078.686
15065529;EMEIF. SÃO SEBASTIÃO;RIO AJUAI- ALTO;; ILHAS;-17.730.863;-49.057.052
15523985;EMEIF. SÃO TOMÉ;RIO ACARAQUI- ALTO;; ILHAS;-17.882.188;-48.904.931
15524035;EMEIF. SORRISO DE MARIA;RIO CARIPETUBA;; ILHAS;-16.541.677;-48.914.720
15065359;EMEIF. TOMAZ LOURENÇO NEGRÃO;RIO MARACAPUCU- MÉD;; ILHAS;-17.386.229;-48.977.276
15066371;EMEIFF. MARIAUDIR SANTOS;RIO PARAMAJÓ;; ILHAS;-16.807.809;-48.937.588
15064565;EMIF. SÃO SEBASTIÃO II;RIO URUBUÉUA- TAUÁ;; ILHAS;-1.651.872;-48.961.033
15166490;CRECHE MUNICIPAL ALTAIR JORGE;RUA RAIMUNDA NEGRÃO;; SEDE;-17.322.119;-48.853.950
15162109;CRECHE MUNICIPAL FRANCISCO MAUÉS;AV. ARACAJU;; SEDE;-17.155.798;-48.877.193
15140261;CRECHE MUNICIPAL IRMÃ EUFRÁSIA;TV. ALAGOAS;; SEDE;-17.084.783;-48.872.606
15174921;CRECHE MUNICIPAL MANOEL PEREIRA;RUA DEOCLECIANO TOCANTINS;; SEDE;-1.737.633;-48.881.275
15167720;CRECHE MUNICIPAL MANOEL R. NEGRÃO;RUA FRANCISCO LEITE LOPES;; SEDE;-1.737.633;-48.881.275
15166481;CRECHE MUNICIPAL PROFª ALDENOURA;AV. AIRTON SENA;; SEDE;-17.286.382;-48.857.415
15181570;CRECHE MUNICIPAL PROFª Mª DO SOCORRO;RUA DR JOÃO NOVAES;; SEDE;-17.281.249;-48.862.523
15065740;EMEF. COMANDANTE GERMANO;R. GARIBALDI PARENTE;; SEDE;-17.149.832;-48.880.275
15548155;EMEF. CÔNEGO LUÍS VARELA;TV. PE. PIMENTEL;; SEDE;-17.284.836;-48.888.925
15553752;EMEF. DR. FRANCISCO LEITE LOPES;R. DR. FRANCISCO LOPES;; SEDE;-17.373.522;-48.876.638
15540901;EMEF. DR. VICENTE MAUÉS;TV. JOSÉ G. CHAVES 503;; SEDE;-17.174.671;-48.885.167
15554031;EMEF. FRANCISCO MARQUES FERREIRA;TV. ACRE;; SEDE;-17.127.124;-48.873.531
15548163;EMEF. GOV. MAGALHÃES BARATA;R. LAURO SODRÉ;; SEDE;-17.207.779;-48.885.702
15066363;EMEF. JOAQUIM M. CONTENTE;AV. D. PEDRO II;; SEDE;-17.246.708;-48.880.281
15541622;EMEF. LAURA DOS SANTOS RIBEIRO;TV. ACRE;; SEDE;-17.152.277;-48.878.293
15065430;EMEF. MARIUADIR SANTOS;R. MAX. S. CARDOSO;; SEDE;-17.279.101;-48.879.347
15066053;EMEF. PEDRO FERREIRA COSTA;AV. ANCHIETA;; SEDE;-17.198.974;-48.865.402
15066592;EMEF. PROF. Mª ZAIDE CARDOSO;TV. PE. PIMENTEL;; SEDE;-17.351.486;-48.876.598
15064786;EMEF. PROF. MAX A. RODRIGUES;TRAV. SANTA IZABEL;; SEDE;-17.309.364;-48.890.293
15067009;EMEI FRANCILÂNDIA;TRAV. ACRE;; SEDE;-17.151.683;-48.877.445
15067114;EMEI SÃO JOÃO;TRAV. S.JOAQUIM;; SEDE;-1.713.112;-48.886.722
15066959;EMEI. ALGODOAL;RUA JAIRLÂNDIA;; SEDE;-17.302.492;-48.890.126
15066940;EMEI. SANTA ROSA;R. CORONEL B. DO REGO;; SEDE;-17.281.988;-48.880.574
15067130;EMEI. SÃO SEBASTIÃO;3ºRUA SÃO SEBASTIÃO Nº675;; SEDE;-17.351.563;-48.877.799
15576302;EMEIF ADRIANO R CARDOSO;ESTRADA DE BEJA-KM-02;; SEDE;-17.233.111;-48.841.638
15540898;EMEIF ALEGRIA DE SABER;AV. MINAS GERAIS;; SEDE;-17.175.646;-48.873.905
15064255;EMEIF CAMINHO DA ESPERANÇA;T. ALTINO COSTA;; SEDE;-17.270.167;-48.882.845
15884139;EMEIF CENTRO EDUCACIONAL EVANGÉLICO;AV. D. PEDRO LL;; SEDE;-17.240.263;-48.884.100
15064310;EMEIF CRIANÇA ESPERANÇA;TV. JOSÉ G. CHAVES;; SEDE;-17.184.467;-48.882.372
15065260;EMEIF DR. RONALD REIS FERREIRA;RD. DR. JOÃO MIRANDA KM 04;; SEDE;-17.384.842;-48.859.233
15559858;EMEIF GERAÇÃO 2000;AV. D. PEDRO I;; SEDE;-17.172.611;-48.878.375
15066932;EMEIF PROFª CARLAIDE CAR. FER JORGE;AV. SÃO PAULO;; SEDE;-17.213.945;-48.876.433
15160190;EMEIF PROFª ODALÉA MAUÉS QUARESMA;RUA PE MARIO LANCIOTTI;; SEDE;-1.732.305;-48.863.783
15064301;EMEIF SÃO JOSÉ;R. LAURO SODRÉ;; SEDE;-17.149.022;-48.884.340
15145425;EMEIF. ACENDENDO AS LUZES;2ª R. DO CAMPO;; SEDE;-17.204.685;-48.874.511
15554023;EMEIF. BOM PASTOR;TV. PARAÍSO;; SEDE;-17.198.132;-48.874.515
15541860;EMEIF. DOM ÂNGELO FROSI;TV. PE MÁRIO LANCIOTTI;; SEDE;-17.285.132;-48.869.043
15064581;EMEIF. LEANDRO T. DE MIRANDA;TV. DO SERTÃO;; SEDE;-17.288.888;-48.876.944
15066665;EMEIF. SANTA ANASTÁCIA;TRAV. MANOEL COSTA;; SEDE;-17.292.759;-48.860.851
15553990;EMEIF. SANTA CLARA;RUA 6 DE JUNHO;; SEDE;-17.285.597;-48.857.767
15572188;EMEIF. SANTA LUZIA;TRAV. SANTA LUZIA;; SEDE;-17.358.094;-48.887.462
15226417;EMEIF. SÃO FRANCISCO DE ASSIS;AV. MINAS GERAIS;; SEDE;-17.128.098;-48.876.404
15226425;ERCMEF Mª LORENZA CIVALLERI;RUA PE. VALERIANO Nº 1550;; SEDE;-17.289.058;-48.866.889
